,aclu_id,name,official_name,party,district,state,legislator_type,zeroed_district,congressional_district
0,aclu/elections-api/congress_legislator:1012,Peter Welch,Peter Welch,Democrat,0,VT,rep,0,5000
1,aclu/elections-api/congress_legislator:1000,,"Donald S. Beyer, Jr.",Democrat,8,VA,rep,8,5108
2,aclu/elections-api/congress_legislator:11604,,Abigail Davis Spanberger,Democrat,7,VA,rep,7,5107
3,aclu/elections-api/congress_legislator:11607,Elaine Luria,Elaine G. Luria,Democrat,2,VA,rep,2,5102
4,aclu/elections-api/congress_legislator:11606,,Denver Riggleman,Republican,5,VA,rep,5,5105
5,aclu/elections-api/congress_legislator:997,Barbara Comstock,Barbara Comstock,Republican,10,VA,rep,10,5110
6,aclu/elections-api/congress_legislator:1002,Morgan Griffith,H. Morgan Griffith,Republican,9,VA,rep,9,5109
7,aclu/elections-api/congress_legislator:996,,A. Donald McEachin,Democrat,4,VA,rep,4,5104
8,aclu/elections-api/congress_legislator:1004,Robert C. Scott,"Robert C. ""Bobby"" Scott",Democrat,3,VA,rep,3,5103
9,aclu/elections-api/congress_legislator:11605,,Ben Cline,Republican,6,VA,rep,6,5106
10,aclu/elections-api/congress_legislator:1006,,Scott Taylor,Republican,2,VA,rep,2,5102
11,aclu/elections-api/congress_legislator:998,Bob Goodlatte,Bob Goodlatte,Republican,6,VA,rep,6,5106
12,aclu/elections-api/congress_legislator:1005,Robert J. Wittman,Robert J. Wittman,Republican,1,VA,rep,1,5101
13,aclu/elections-api/congress_legislator:1007,,"Thomas A. Garrett, Jr.",Republican,5,VA,rep,5,5105
14,aclu/elections-api/congress_legislator:1001,,Gerald E. Connolly,Democrat,11,VA,rep,11,5111
15,aclu/elections-api/congress_legislator:11608,,Jennifer Wexton,Democrat,10,VA,rep,10,5110
16,aclu/elections-api/congress_legislator:999,David Brat,Dave Brat,Republican,7,VA,rep,7,5107
17,aclu/elections-api/congress_legislator:941,Kristi Noem,Kristi L. Noem,Republican,0,SD,rep,0,4600
18,aclu/elections-api/congress_legislator:11589,,Dusty Johnson,Republican,0,SD,rep,0,4600
19,aclu/elections-api/congress_legislator:932,Jeff Duncan,Jeff Duncan,Republican,3,SC,rep,3,4503
20,aclu/elections-api/congress_legislator:11587,,Joe Cunningham,Democrat,1,SC,rep,1,4501
21,aclu/elections-api/congress_legislator:936,Ralph W. Norman,Ralph Norman,Republican,5,SC,rep,5,4505
22,aclu/elections-api/congress_legislator:938,Tom Rice (South Carolina),Tom Rice,Republican,7,SC,rep,7,4507
23,aclu/elections-api/congress_legislator:935,Mark Sanford,Mark Sanford,Republican,1,SC,rep,1,4501
24,aclu/elections-api/congress_legislator:11588,,William R. Timmons IV,Republican,4,SC,rep,4,4504
25,aclu/elections-api/congress_legislator:939,Trey Gowdy,Trey Gowdy,Republican,4,SC,rep,4,4504
26,aclu/elections-api/congress_legislator:931,James E. Clyburn,James E. Clyburn,Democrat,6,SC,rep,6,4506
27,aclu/elections-api/congress_legislator:933,Joe Wilson,Joe Wilson,Republican,2,SC,rep,2,4502
28,aclu/elections-api/congress_legislator:1049,John Curtis (Utah),John R. Curtis,Republican,3,UT,rep,3,4903
29,aclu/elections-api/congress_legislator:11602,,Ben McAdams,Democrat,4,UT,rep,4,4904
30,aclu/elections-api/congress_legislator:995,Rob Bishop,Rob Bishop,Republican,1,UT,rep,1,4901
31,aclu/elections-api/congress_legislator:992,,Mia B. Love,Republican,4,UT,rep,4,4904
32,aclu/elections-api/congress_legislator:991,Chris Stewart,Chris Stewart,Republican,2,UT,rep,2,4902
33,aclu/elections-api/congress_legislator:1009,,Stacey E. Plaskett,Democrat,0,VI,rep,0,7800
34,aclu/elections-api/congress_legislator:657,,Jody B. Hice,Republican,10,GA,rep,10,1310
35,aclu/elections-api/congress_legislator:649,Drew Ferguson,A. Drew Ferguson IV,Republican,3,GA,rep,3,1303
36,aclu/elections-api/congress_legislator:655,Doug Collins,Doug Collins,Republican,9,GA,rep,9,1309
37,aclu/elections-api/congress_legislator:650,Austin Scott,Austin Scott,Republican,8,GA,rep,8,1308
38,aclu/elections-api/congress_legislator:660,,Rick W. Allen,Republican,12,GA,rep,12,1312
39,aclu/elections-api/congress_legislator:11621,Kwanza Hall,,Democrat,5,GA,rep,5,1305
40,aclu/elections-api/congress_legislator:659,John Lewis (Georgia),John Lewis,Democrat,5,GA,rep,5,1305
41,aclu/elections-api/congress_legislator:663,Tom Graves,Tom Graves,Republican,14,GA,rep,14,1314
42,aclu/elections-api/congress_legislator:661,,Rob Woodall,Republican,7,GA,rep,7,1307
43,aclu/elections-api/congress_legislator:11533,,Lucy McBath,Democrat,6,GA,rep,6,1306
44,aclu/elections-api/congress_legislator:1044,Karen Handel,Karen C. Handel,Republican,6,GA,rep,6,1306
45,aclu/elections-api/congress_legislator:652,,"Earl L. ""Buddy"" Carter",Republican,1,GA,rep,1,1301
46,aclu/elections-api/congress_legislator:656,"Henry C. Johnson, Jr.","Henry C. ""Hank"" Johnson, Jr.",Democrat,4,GA,rep,4,1304
47,aclu/elections-api/congress_legislator:654,David Scott (Georgia),David Scott,Democrat,13,GA,rep,13,1313
48,aclu/elections-api/congress_legislator:651,,Barry Loudermilk,Republican,11,GA,rep,11,1311
49,aclu/elections-api/congress_legislator:662,,"Sanford D. Bishop, Jr.",Democrat,2,GA,rep,2,1302
50,aclu/elections-api/congress_legislator:792,,Bennie G. Thompson,Democrat,2,MS,rep,2,2802
51,aclu/elections-api/congress_legislator:795,,Steven M. Palazzo,Republican,4,MS,rep,4,2804
52,aclu/elections-api/congress_legislator:11561,,Michael Guest,Republican,3,MS,rep,3,2803
53,aclu/elections-api/congress_legislator:796,Trent Kelly,Trent Kelly,Republican,1,MS,rep,1,2801
54,aclu/elections-api/congress_legislator:793,,Gregg Harper,Republican,3,MS,rep,3,2803
55,aclu/elections-api/congress_legislator:1047,Greg Gianforte,Greg Gianforte,Republican,0,MT,rep,0,3000
56,aclu/elections-api/congress_legislator:781,Ann Wagner,Ann Wagner,Republican,2,MO,rep,2,2902
57,aclu/elections-api/congress_legislator:782,,Billy Long,Republican,7,MO,rep,7,2907
58,aclu/elections-api/congress_legislator:790,William Lacy Clay,Wm. Lacy Clay,Democrat,1,MO,rep,1,2901
59,aclu/elections-api/congress_legislator:786,Jason Smith (Missouri representative),Jason Smith,Republican,8,MO,rep,8,2908
60,aclu/elections-api/congress_legislator:785,,Emanuel Cleaver,Democrat,5,MO,rep,5,2905
61,aclu/elections-api/congress_legislator:783,,Blaine Luetkemeyer,Republican,3,MO,rep,3,2903
62,aclu/elections-api/congress_legislator:789,Vicky Hartzler,Vicky Hartzler,Republican,4,MO,rep,4,2904
63,aclu/elections-api/congress_legislator:788,,Sam Graves,Republican,6,MO,rep,6,2906
64,aclu/elections-api/congress_legislator:737,Michael Capuano,Michael E. Capuano,Democrat,7,MA,rep,7,2507
65,aclu/elections-api/congress_legislator:11548,,Lori Trahan,Democrat,3,MA,rep,3,2503
66,aclu/elections-api/congress_legislator:742,,William R. Keating,Democrat,9,MA,rep,9,2509
67,aclu/elections-api/congress_legislator:738,Niki Tsongas,Niki Tsongas,Democrat,3,MA,rep,3,2503
68,aclu/elections-api/congress_legislator:11547,,Ayanna Pressley,Democrat,7,MA,rep,7,2507
69,aclu/elections-api/congress_legislator:741,Stephen Lynch,Stephen F. Lynch,Democrat,8,MA,rep,8,2508
70,aclu/elections-api/congress_legislator:739,,Richard E. Neal,Democrat,1,MA,rep,1,2501
71,aclu/elections-api/congress_legislator:735,Joseph Kennedy III,Joseph P. Kennedy III,Democrat,4,MA,rep,4,2504
72,aclu/elections-api/congress_legislator:734,,James P. McGovern,Democrat,2,MA,rep,2,2502
73,aclu/elections-api/congress_legislator:736,Katherine Clark,Katherine M. Clark,Democrat,5,MA,rep,5,2505
74,aclu/elections-api/congress_legislator:740,Seth Moulton,Seth Moulton,Democrat,6,MA,rep,6,2506
75,aclu/elections-api/congress_legislator:517,Don Young,Don Young,Republican,0,AK,rep,0,200
76,aclu/elections-api/congress_legislator:716,Brett Guthrie,Brett Guthrie,Republican,2,KY,rep,2,2102
77,aclu/elections-api/congress_legislator:719,James Comer Jr.,James Comer,Republican,1,KY,rep,1,2101
78,aclu/elections-api/congress_legislator:723,Thomas Massie,Thomas Massie,Republican,4,KY,rep,4,2104
79,aclu/elections-api/congress_legislator:718,Harold Rogers,Harold Rogers,Republican,5,KY,rep,5,2105
80,aclu/elections-api/congress_legislator:717,Andy Barr,Andy Barr,Republican,6,KY,rep,6,2106
81,aclu/elections-api/congress_legislator:720,John Yarmuth,John A. Yarmuth,Democrat,3,KY,rep,3,2103
82,aclu/elections-api/congress_legislator:526,Robert B. Aderholt,Robert B. Aderholt,Republican,4,AL,rep,4,104
83,aclu/elections-api/congress_legislator:527,Terri Sewell,Terri A. Sewell,Democrat,7,AL,rep,7,107
84,aclu/elections-api/congress_legislator:522,Martha Roby,Martha Roby,Republican,2,AL,rep,2,102
85,aclu/elections-api/congress_legislator:521,,Gary J. Palmer,Republican,6,AL,rep,6,106
86,aclu/elections-api/congress_legislator:523,Mike Rogers (Alabama),Mike Rogers,Republican,3,AL,rep,3,103
87,aclu/elections-api/congress_legislator:524,Mo Brooks,Mo Brooks,Republican,5,AL,rep,5,105
88,aclu/elections-api/congress_legislator:519,Bradley Byrne,Bradley Byrne,Republican,1,AL,rep,1,101
89,aclu/elections-api/congress_legislator:11534,,Michael F. Q. San Nicolas,Democrat,0,GU,rep,0,6600
90,aclu/elections-api/congress_legislator:664,,Madeleine Z. Bordallo,Democrat,0,GU,rep,0,6600
91,aclu/elections-api/congress_legislator:11563,,Chris Pappas,Democrat,1,NH,rep,1,3301
92,aclu/elections-api/congress_legislator:822,Annie Kuster,Ann M. Kuster,Democrat,2,NH,rep,2,3302
93,aclu/elections-api/congress_legislator:823,Carol Shea-Porter,Carol Shea-Porter,Democrat,1,NH,rep,1,3301
94,aclu/elections-api/congress_legislator:773,Betty McCollum,Betty McCollum,Democrat,4,MN,rep,4,2704
95,aclu/elections-api/congress_legislator:774,Erik Paulsen,Erik Paulsen,Republican,3,MN,rep,3,2703
96,aclu/elections-api/congress_legislator:775,,Jason Lewis,Republican,2,MN,rep,2,2702
97,aclu/elections-api/congress_legislator:780,,Tom Emmer,Republican,6,MN,rep,6,2706
98,aclu/elections-api/congress_legislator:776,Keith Ellison,Keith Ellison,Democrat,5,MN,rep,5,2705
99,aclu/elections-api/congress_legislator:777,Rick Nolan,Richard M. Nolan,Democrat,8,MN,rep,8,2708
100,aclu/elections-api/congress_legislator:11557,,Ilhan Omar,Democrat,5,MN,rep,5,2705
101,aclu/elections-api/congress_legislator:11556,,Dean Phillips,Democrat,3,MN,rep,3,2703
102,aclu/elections-api/congress_legislator:1045,Collin Peterson,Collin C. Peterson,Democrat,7,MN,rep,7,2707
103,aclu/elections-api/congress_legislator:778,Tim Walz,Timothy J. Walz,Democrat,1,MN,rep,1,2701
104,aclu/elections-api/congress_legislator:11555,Angie Craig,Angie Craig,Democrat,2,MN,rep,2,2702
105,aclu/elections-api/congress_legislator:11559,,Pete Stauber,Republican,8,MN,rep,8,2708
106,aclu/elections-api/congress_legislator:11558,,Jim Hagedorn,Republican,1,MN,rep,1,2701
107,aclu/elections-api/congress_legislator:11552,Elissa Slotkin,Elissa Slotkin,Democrat,8,MI,rep,8,2608
108,aclu/elections-api/congress_legislator:11554,,Rashida Tlaib,Democrat,13,MI,rep,13,2613
109,aclu/elections-api/congress_legislator:11551,,Andy Levin,Democrat,9,MI,rep,9,2609
110,aclu/elections-api/congress_legislator:770,Sander Levin,Sander M. Levin,Democrat,9,MI,rep,9,2609
111,aclu/elections-api/congress_legislator:768,,Mike Bishop,Republican,8,MI,rep,8,2608
112,aclu/elections-api/congress_legislator:11612,Brenda Jones (Michigan),Brenda Jones,Democrat,13,MI,rep,13,2613
113,aclu/elections-api/congress_legislator:11553,Haley Stevens,Haley M. Stevens,Democrat,11,MI,rep,11,2611
114,aclu/elections-api/congress_legislator:759,Dan Kildee,Daniel T. Kildee,Democrat,5,MI,rep,5,2605
115,aclu/elections-api/congress_legislator:766,,John R. Moolenaar,Republican,4,MI,rep,4,2604
116,aclu/elections-api/congress_legislator:765,,Jack Bergman,Republican,1,MI,rep,1,2601
117,aclu/elections-api/congress_legislator:757,Bill Huizenga,Bill Huizenga,Republican,2,MI,rep,2,2602
118,aclu/elections-api/congress_legislator:761,,Debbie Dingell,Democrat,12,MI,rep,12,2612
119,aclu/elections-api/congress_legislator:767,Justin Amash,Justin Amash,Libertarian,3,MI,rep,3,2603
120,aclu/elections-api/congress_legislator:769,,Paul Mitchell,Republican,10,MI,rep,10,2610
121,aclu/elections-api/congress_legislator:760,,David A. Trott,Republican,11,MI,rep,11,2611
122,aclu/elections-api/congress_legislator:763,Fred Upton,Fred Upton,Republican,6,MI,rep,6,2606
123,aclu/elections-api/congress_legislator:771,Tim Walberg,Tim Walberg,Republican,7,MI,rep,7,2607
124,aclu/elections-api/congress_legislator:758,,Brenda L. Lawrence,Democrat,14,MI,rep,14,2614
125,aclu/elections-api/congress_legislator:899,Markwayne Mullin,Markwayne Mullin,Republican,2,OK,rep,2,4002
126,aclu/elections-api/congress_legislator:896,Frank D. Lucas,Frank D. Lucas,Republican,3,OK,rep,3,4003
127,aclu/elections-api/congress_legislator:901,Tom Cole,Tom Cole,Republican,4,OK,rep,4,4004
128,aclu/elections-api/congress_legislator:11579,Kevin Hern,Kevin Hern,Republican,1,OK,rep,1,4001
129,aclu/elections-api/congress_legislator:900,,Steve Russell,Republican,5,OK,rep,5,4005
130,aclu/elections-api/congress_legislator:11578,,Kendra S. Horn,Democrat,5,OK,rep,5,4005
131,aclu/elections-api/congress_legislator:705,Peter J. Visclosky,Peter J. Visclosky,Democrat,1,IN,rep,1,1801
132,aclu/elections-api/congress_legislator:699,Andre Carson,André Carson,Democrat,7,IN,rep,7,1807
133,aclu/elections-api/congress_legislator:700,Jackie Walorski,Jackie Walorski,Republican,2,IN,rep,2,1802
134,aclu/elections-api/congress_legislator:701,Jim Banks,Jim Banks,Republican,3,IN,rep,3,1803
135,aclu/elections-api/congress_legislator:706,Susan Brooks,Susan W. Brooks,Republican,5,IN,rep,5,1805
136,aclu/elections-api/congress_legislator:11543,,James R. Baird,Republican,4,IN,rep,4,1804
137,aclu/elections-api/congress_legislator:703,Larry Bucshon,Larry Bucshon,Republican,8,IN,rep,8,1808
138,aclu/elections-api/congress_legislator:11542,,Greg Pence,Republican,6,IN,rep,6,1806
139,aclu/elections-api/congress_legislator:709,Trey Hollingsworth,Trey Hollingsworth,Republican,9,IN,rep,9,1809
140,aclu/elections-api/congress_legislator:707,Todd Rokita,Todd Rokita,Republican,4,IN,rep,4,1804
141,aclu/elections-api/congress_legislator:704,Luke Messer,Luke Messer,Republican,6,IN,rep,6,1806
142,aclu/elections-api/congress_legislator:11524,,Jason Crow,Democrat,6,CO,rep,6,806
143,aclu/elections-api/congress_legislator:603,Ed Perlmutter,Ed Perlmutter,Democrat,7,CO,rep,7,807
144,aclu/elections-api/congress_legislator:608,Scott Tipton,Scott R. Tipton,Republican,3,CO,rep,3,803
145,aclu/elections-api/congress_legislator:601,Diana DeGette,Diana DeGette,Democrat,1,CO,rep,1,801
146,aclu/elections-api/congress_legislator:607,Mike Coffman,Mike Coffman,Republican,6,CO,rep,6,806
147,aclu/elections-api/congress_legislator:11525,,Joe Neguse,Democrat,2,CO,rep,2,802
148,aclu/elections-api/congress_legislator:602,Doug Lamborn,Doug Lamborn,Republican,5,CO,rep,5,805
149,aclu/elections-api/congress_legislator:605,,Ken Buck,Republican,4,CO,rep,4,804
150,aclu/elections-api/congress_legislator:604,Jared Polis,Jared Polis,Democrat,2,CO,rep,2,802
151,aclu/elections-api/congress_legislator:584,,Mimi Walters,Republican,45,CA,rep,45,645
152,aclu/elections-api/congress_legislator:547,Ami Bera,Ami Bera,Democrat,7,CA,rep,7,607
153,aclu/elections-api/congress_legislator:583,,Mike Thompson,Democrat,5,CA,rep,5,605
154,aclu/elections-api/congress_legislator:599,Zoe Lofgren,Zoe Lofgren,Democrat,19,CA,rep,19,619
155,aclu/elections-api/congress_legislator:596,Ted Lieu,Ted Lieu,Democrat,33,CA,rep,33,633
156,aclu/elections-api/congress_legislator:587,,Norma J. Torres,Democrat,35,CA,rep,35,635
157,aclu/elections-api/congress_legislator:550,,Brad Sherman,Democrat,30,CA,rep,30,630
158,aclu/elections-api/congress_legislator:11518,,Harley Rouda,Democrat,48,CA,rep,48,648
159,aclu/elections-api/congress_legislator:570,,John Garamendi,Democrat,3,CA,rep,3,603
160,aclu/elections-api/congress_legislator:598,Tony Cardenas,Tony Cárdenas,Democrat,29,CA,rep,29,629
161,aclu/elections-api/congress_legislator:558,,Duncan Hunter,Republican,50,CA,rep,50,650
162,aclu/elections-api/congress_legislator:563,,Jackie Speier,Democrat,14,CA,rep,14,614
163,aclu/elections-api/congress_legislator:568,Jimmy Gomez,Jimmy Gomez,Democrat,34,CA,rep,34,634
164,aclu/elections-api/congress_legislator:545,Adam Schiff,Adam B. Schiff,Democrat,28,CA,rep,28,628
165,aclu/elections-api/congress_legislator:580,,Mark DeSaulnier,Democrat,11,CA,rep,11,611
166,aclu/elections-api/congress_legislator:548,,Anna G. Eshoo,Democrat,18,CA,rep,18,618
167,aclu/elections-api/congress_legislator:11617,Mike Garcia,Mike Garcia,Republican,25,CA,rep,25,625
168,aclu/elections-api/congress_legislator:575,,Karen Bass,Democrat,37,CA,rep,37,637
169,aclu/elections-api/congress_legislator:556,,Doris O. Matsui,Democrat,6,CA,rep,6,606
170,aclu/elections-api/congress_legislator:573,Julia Brownley,Julia Brownley,Democrat,26,CA,rep,26,626
171,aclu/elections-api/congress_legislator:553,David G. Valadao,David G. Valadao,Republican,21,CA,rep,21,621
172,aclu/elections-api/congress_legislator:576,,Ken Calvert,Republican,42,CA,rep,42,642
173,aclu/elections-api/congress_legislator:585,Nancy Pelosi,Nancy Pelosi,Democrat,12,CA,rep,12,612
174,aclu/elections-api/congress_legislator:590,Raul Ruiz,Raul Ruiz,Democrat,36,CA,rep,36,636
175,aclu/elections-api/congress_legislator:591,,Ro Khanna,Democrat,17,CA,rep,17,617
176,aclu/elections-api/congress_legislator:572,Judy Chu,Judy Chu,Democrat,27,CA,rep,27,627
177,aclu/elections-api/congress_legislator:578,,Linda T. Sánchez,Democrat,38,CA,rep,38,638
178,aclu/elections-api/congress_legislator:554,Devin Nunes,Devin Nunes,Republican,22,CA,rep,22,622
179,aclu/elections-api/congress_legislator:561,,Grace F. Napolitano,Democrat,32,CA,rep,32,632
180,aclu/elections-api/congress_legislator:566,,Jerry McNerney,Democrat,9,CA,rep,9,609
181,aclu/elections-api/congress_legislator:11523,TJ Cox,TJ Cox,Democrat,21,CA,rep,21,621
182,aclu/elections-api/congress_legislator:581,Mark Takano,Mark Takano,Democrat,41,CA,rep,41,641
183,aclu/elections-api/congress_legislator:597,,Tom McClintock,Republican,4,CA,rep,4,604
184,aclu/elections-api/congress_legislator:11517,,"Gilbert Ray Cisneros, Jr.",Democrat,39,CA,rep,39,639
185,aclu/elections-api/congress_legislator:552,Darrell Issa,Darrell E. Issa,Republican,49,CA,rep,49,649
186,aclu/elections-api/congress_legislator:567,,Jim Costa,Democrat,16,CA,rep,16,616
187,aclu/elections-api/congress_legislator:562,,J. Luis Correa,Democrat,46,CA,rep,46,646
188,aclu/elections-api/congress_legislator:557,Doug LaMalfa,Doug LaMalfa,Republican,1,CA,rep,1,601
189,aclu/elections-api/congress_legislator:559,,Edward R. Royce,Republican,39,CA,rep,39,639
190,aclu/elections-api/congress_legislator:11521,,Katie Porter,Democrat,45,CA,rep,45,645
191,aclu/elections-api/congress_legislator:595,,Susan A. Davis,Democrat,53,CA,rep,53,653
192,aclu/elections-api/congress_legislator:582,Maxine Waters,Maxine Waters,Democrat,43,CA,rep,43,643
193,aclu/elections-api/congress_legislator:592,,Salud O. Carbajal,Democrat,24,CA,rep,24,624
194,aclu/elections-api/congress_legislator:560,Eric Swalwell,Eric Swalwell,Democrat,15,CA,rep,15,615
195,aclu/elections-api/congress_legislator:577,Kevin McCarthy (California),Kevin McCarthy,Republican,23,CA,rep,23,623
196,aclu/elections-api/congress_legislator:546,Alan Lowenthal,Alan S. Lowenthal,Democrat,47,CA,rep,47,647
197,aclu/elections-api/congress_legislator:588,Paul Cook,Paul Cook,Republican,8,CA,rep,8,608
198,aclu/elections-api/congress_legislator:11520,,Katie Hill,Democrat,25,CA,rep,25,625
199,aclu/elections-api/congress_legislator:564,Jared Huffman,Jared Huffman,Democrat,2,CA,rep,2,602
200,aclu/elections-api/congress_legislator:579,,Lucille Roybal-Allard,Democrat,40,CA,rep,40,640
201,aclu/elections-api/congress_legislator:571,Juan Vargas,Juan Vargas,Democrat,51,CA,rep,51,651
202,aclu/elections-api/congress_legislator:594,Stephen Knight,Stephen Knight,Republican,25,CA,rep,25,625
203,aclu/elections-api/congress_legislator:11522,,Mike Levin,Democrat,49,CA,rep,49,649
204,aclu/elections-api/congress_legislator:11519,Josh Harder,Josh Harder,Democrat,10,CA,rep,10,610
205,aclu/elections-api/congress_legislator:549,,Barbara Lee,Democrat,13,CA,rep,13,613
206,aclu/elections-api/congress_legislator:589,,Pete Aguilar,Democrat,31,CA,rep,31,631
207,aclu/elections-api/congress_legislator:565,,Jeff Denham,Republican,10,CA,rep,10,610
208,aclu/elections-api/congress_legislator:569,,Jimmy Panetta,Democrat,20,CA,rep,20,620
209,aclu/elections-api/congress_legislator:551,,Dana Rohrabacher,Republican,48,CA,rep,48,648
210,aclu/elections-api/congress_legislator:586,,Nanette Diaz Barragán,Democrat,44,CA,rep,44,644
211,aclu/elections-api/congress_legislator:593,Scott Peters,Scott H. Peters,Democrat,52,CA,rep,52,652
212,aclu/elections-api/congress_legislator:11537,Cindy Axne,Cynthia Axne,Democrat,3,IA,rep,3,1903
213,aclu/elections-api/congress_legislator:11536,Abby Finkenauer,Abby Finkenauer,Democrat,1,IA,rep,1,1901
214,aclu/elections-api/congress_legislator:673,Rod Blum,Rod Blum,Republican,1,IA,rep,1,1901
215,aclu/elections-api/congress_legislator:671,,David Young,Republican,3,IA,rep,3,1903
216,aclu/elections-api/congress_legislator:670,Dave Loebsack,David Loebsack,Democrat,2,IA,rep,2,1902
217,aclu/elections-api/congress_legislator:674,Steve King,Steve King,Republican,4,IA,rep,4,1904
218,aclu/elections-api/congress_legislator:615,Rosa DeLauro,Rosa L. DeLauro,Democrat,3,CT,rep,3,903
219,aclu/elections-api/congress_legislator:613,John B. Larson,John B. Larson,Democrat,1,CT,rep,1,901
220,aclu/elections-api/congress_legislator:611,Jim Himes,James A. Himes,Democrat,4,CT,rep,4,904
221,aclu/elections-api/congress_legislator:610,Elzabeth Esty,Elizabeth H. Esty,Democrat,5,CT,rep,5,905
222,aclu/elections-api/congress_legislator:612,Joe Courtney,Joe Courtney,Democrat,2,CT,rep,2,902
223,aclu/elections-api/congress_legislator:11526,,Jahana Hayes,Democrat,5,CT,rep,5,905
224,aclu/elections-api/congress_legislator:637,Lois Frankel,Lois Frankel,Democrat,21,FL,rep,21,1221
225,aclu/elections-api/congress_legislator:647,,Val Butler Demings,Democrat,10,FL,rep,10,1210
226,aclu/elections-api/congress_legislator:11531,,Ross Spano,Republican,15,FL,rep,15,1215
227,aclu/elections-api/congress_legislator:627,Daniel Webster,Daniel Webster,Republican,11,FL,rep,11,1211
228,aclu/elections-api/congress_legislator:643,,Stephanie N. Murphy,Democrat,7,FL,rep,7,1207
229,aclu/elections-api/congress_legislator:648,Vern Buchanan,Vern Buchanan,Republican,16,FL,rep,16,1216
230,aclu/elections-api/congress_legislator:620,,"Al Lawson, Jr.",Democrat,5,FL,rep,5,1205
231,aclu/elections-api/congress_legislator:639,Mario Diaz-Balart,Mario Diaz-Balart,Republican,25,FL,rep,25,1225
232,aclu/elections-api/congress_legislator:644,Ted Yoho,Ted S. Yoho,Republican,3,FL,rep,3,1203
233,aclu/elections-api/congress_legislator:624,Brian Mast,Brian J. Mast,Republican,18,FL,rep,18,1218
234,aclu/elections-api/congress_legislator:11532,,W. Gregory Steube,Republican,17,FL,rep,17,1217
235,aclu/elections-api/congress_legislator:633,Gus M. Bilirakis,Gus M. Bilirakis,Republican,12,FL,rep,12,1212
236,aclu/elections-api/congress_legislator:642,Ron DeSantis,Ron DeSantis,Republican,6,FL,rep,6,1206
237,aclu/elections-api/congress_legislator:625,,Carlos Curbelo,Republican,26,FL,rep,26,1226
238,aclu/elections-api/congress_legislator:11529,,Michael Waltz,Republican,6,FL,rep,6,1206
239,aclu/elections-api/congress_legislator:636,Kathy Castor,Kathy Castor,Democrat,14,FL,rep,14,1214
240,aclu/elections-api/congress_legislator:640,,Matt Gaetz,Republican,1,FL,rep,1,1201
241,aclu/elections-api/congress_legislator:646,Thomas J. Rooney,Thomas J. Rooney,Republican,17,FL,rep,17,1217
242,aclu/elections-api/congress_legislator:634,Ileana Ros-Lehtinen,Ileana Ros-Lehtinen,Republican,27,FL,rep,27,1227
243,aclu/elections-api/congress_legislator:645,Theodore E. Deutch,Theodore E. Deutch,Democrat,22,FL,rep,22,1222
244,aclu/elections-api/congress_legislator:626,,Charlie Crist,Democrat,13,FL,rep,13,1213
245,aclu/elections-api/congress_legislator:623,Bill Posey,Bill Posey,Republican,8,FL,rep,8,1208
246,aclu/elections-api/congress_legislator:629,Debbie Wasserman Schultz,Debbie Wasserman Schultz,Democrat,23,FL,rep,23,1223
247,aclu/elections-api/congress_legislator:632,Frederica Wilson,Frederica S. Wilson,Democrat,24,FL,rep,24,1224
248,aclu/elections-api/congress_legislator:11527,Debbie Mucarsel-Powell,Debbie Mucarsel-Powell,Democrat,26,FL,rep,26,1226
249,aclu/elections-api/congress_legislator:11528,,Donna E. Shalala,Democrat,27,FL,rep,27,1227
250,aclu/elections-api/congress_legislator:641,,Neal P. Dunn,Republican,2,FL,rep,2,1202
251,aclu/elections-api/congress_legislator:621,Alcee L. Hastings,Alcee L. Hastings,Democrat,20,FL,rep,20,1220
252,aclu/elections-api/congress_legislator:630,Dennis A. Ross,Dennis A. Ross,Republican,15,FL,rep,15,1215
253,aclu/elections-api/congress_legislator:631,,Francis Rooney,Republican,19,FL,rep,19,1219
254,aclu/elections-api/congress_legislator:635,,John H. Rutherford,Republican,4,FL,rep,4,1204
255,aclu/elections-api/congress_legislator:628,,Darren Soto,Democrat,9,FL,rep,9,1209
256,aclu/elections-api/congress_legislator:1035,,Alexander X. Mooney,Republican,2,WV,rep,2,5402
257,aclu/elections-api/congress_legislator:1037,,Evan H. Jenkins,Republican,3,WV,rep,3,5403
258,aclu/elections-api/congress_legislator:11611,,Carol D. Miller,Republican,3,WV,rep,3,5403
259,aclu/elections-api/congress_legislator:1036,David McKinley,David B. McKinley,Republican,1,WV,rep,1,5401
260,aclu/elections-api/congress_legislator:928,Jim Langevin,James R. Langevin,Democrat,2,RI,rep,2,4402
261,aclu/elections-api/congress_legislator:927,David N. Cicilline,David N. Cicilline,Democrat,1,RI,rep,1,4401
262,aclu/elections-api/congress_legislator:1041,,Liz Cheney,Republican,0,WY,rep,0,5600
263,aclu/elections-api/congress_legislator:11512,Michael Cloud (Texas),Michael Cloud,Republican,27,TX,rep,27,4827
264,aclu/elections-api/congress_legislator:970,Mike Conaway,K. Michael Conaway,Republican,11,TX,rep,11,4811
265,aclu/elections-api/congress_legislator:962,Jeb Hensarling,Jeb Hensarling,Republican,5,TX,rep,5,4805
266,aclu/elections-api/congress_legislator:971,,Kay Granger,Republican,12,TX,rep,12,4812
267,aclu/elections-api/congress_legislator:969,,John Ratcliffe,Republican,4,TX,rep,4,4804
268,aclu/elections-api/congress_legislator:961,,Henry Cuellar,Democrat,28,TX,rep,28,4828
269,aclu/elections-api/congress_legislator:981,Pete Olson,Pete Olson,Republican,22,TX,rep,22,4822
270,aclu/elections-api/congress_legislator:980,Michael McCaul,Michael T. McCaul,Republican,10,TX,rep,10,4810
271,aclu/elections-api/congress_legislator:984,Roger Williams,Roger Williams,Republican,25,TX,rep,25,4825
272,aclu/elections-api/congress_legislator:983,Randy Weber,"Randy K. Weber, Sr.",Republican,14,TX,rep,14,4814
273,aclu/elections-api/congress_legislator:972,,Kenny Marchant,Republican,24,TX,rep,24,4824
274,aclu/elections-api/congress_legislator:11596,,Lance Gooden,Republican,5,TX,rep,5,4805
275,aclu/elections-api/congress_legislator:957,,Brian Babin,Republican,36,TX,rep,36,4836
276,aclu/elections-api/congress_legislator:11600,,Van Taylor,Republican,3,TX,rep,3,4803
277,aclu/elections-api/congress_legislator:988,Ted Poe,Ted Poe,Republican,2,TX,rep,2,4802
278,aclu/elections-api/congress_legislator:975,,Lloyd Doggett,Democrat,35,TX,rep,35,4835
279,aclu/elections-api/congress_legislator:11599,,Sylvia R. Garcia,Democrat,29,TX,rep,29,4829
280,aclu/elections-api/congress_legislator:963,Joaquin Castro,Joaquin Castro,Democrat,20,TX,rep,20,4820
281,aclu/elections-api/congress_legislator:966,John Carter,John R. Carter,Republican,31,TX,rep,31,4831
282,aclu/elections-api/congress_legislator:11601,,Veronica Escobar,Democrat,16,TX,rep,16,4816
283,aclu/elections-api/congress_legislator:956,,Bill Flores,Republican,17,TX,rep,17,4817
284,aclu/elections-api/congress_legislator:973,,Kevin Brady,Republican,8,TX,rep,8,4808
285,aclu/elections-api/congress_legislator:954,Al Green,Al Green,Democrat,9,TX,rep,9,4809
286,aclu/elections-api/congress_legislator:11598,,Ron Wright,Republican,6,TX,rep,6,4806
287,aclu/elections-api/congress_legislator:11595,,Dan Crenshaw,Republican,2,TX,rep,2,4802
288,aclu/elections-api/congress_legislator:986,,Sheila Jackson Lee,Democrat,18,TX,rep,18,4818
289,aclu/elections-api/congress_legislator:965,,Joe Barton,Republican,6,TX,rep,6,4806
290,aclu/elections-api/congress_legislator:964,,Jodey C. Arrington,Republican,19,TX,rep,19,4819
291,aclu/elections-api/congress_legislator:955,Beto O'Rourke,Beto O’Rourke,Democrat,16,TX,rep,16,4816
292,aclu/elections-api/congress_legislator:974,Lamar Smith,Lamar Smith,Republican,21,TX,rep,21,4821
293,aclu/elections-api/congress_legislator:11597,Lizzie Pannill Fletcher,Lizzie Fletcher,Democrat,7,TX,rep,7,4807
294,aclu/elections-api/congress_legislator:958,,Eddie Bernice Johnson,Democrat,30,TX,rep,30,4830
295,aclu/elections-api/congress_legislator:959,Filemon Vela,Filemon Vela,Democrat,34,TX,rep,34,4834
296,aclu/elections-api/congress_legislator:978,Mark Veasey,Marc A. Veasey,Democrat,33,TX,rep,33,4833
297,aclu/elections-api/congress_legislator:968,John Culberson,John Abney Culberson,Republican,7,TX,rep,7,4807
298,aclu/elections-api/congress_legislator:979,,Michael C. Burgess,Republican,26,TX,rep,26,4826
299,aclu/elections-api/congress_legislator:982,Pete Sessions,Pete Sessions,Republican,32,TX,rep,32,4832
300,aclu/elections-api/congress_legislator:989,,Vicente Gonzalez,Democrat,15,TX,rep,15,4815
301,aclu/elections-api/congress_legislator:976,Louie Gohmert,Louie Gohmert,Republican,1,TX,rep,1,4801
302,aclu/elections-api/congress_legislator:11593,,Chip Roy,Republican,21,TX,rep,21,4821
303,aclu/elections-api/congress_legislator:11594,,Colin Z. Allred,Democrat,32,TX,rep,32,4832
304,aclu/elections-api/congress_legislator:990,,Will Hurd,Republican,23,TX,rep,23,4823
305,aclu/elections-api/congress_legislator:960,,Gene Green,Democrat,29,TX,rep,29,4829
306,aclu/elections-api/congress_legislator:985,,Sam Johnson,Republican,3,TX,rep,3,4803
307,aclu/elections-api/congress_legislator:977,Mac Thornberry,Mac Thornberry,Republican,13,TX,rep,13,4813
308,aclu/elections-api/congress_legislator:926,,Jenniffer González-Colón,Republican,0,PR,rep,0,7200
309,aclu/elections-api/congress_legislator:11586,Susan Wild,Susan Wild,Democrat,7,PA,rep,7,4207
310,aclu/elections-api/congress_legislator:11580,Chrissy Houlahan,Chrissy Houlahan,Democrat,6,PA,rep,6,4206
311,aclu/elections-api/congress_legislator:918,Michael F. Doyle,Michael F. Doyle,Democrat,18,PA,rep,18,4218
312,aclu/elections-api/congress_legislator:11615,,Fred Keller,Republican,12,PA,rep,12,4212
313,aclu/elections-api/congress_legislator:916,Lou Barletta,Lou Barletta,Republican,11,PA,rep,11,4211
314,aclu/elections-api/congress_legislator:909,,Bill Shuster,Republican,9,PA,rep,9,4209
315,aclu/elections-api/congress_legislator:11581,,Daniel Meuser,Republican,9,PA,rep,9,4209
316,aclu/elections-api/congress_legislator:1048,Conor Lamb,Conor Lamb,Democrat,17,PA,rep,17,4217
317,aclu/elections-api/congress_legislator:915,,Lloyd Smucker,Republican,11,PA,rep,11,4211
318,aclu/elections-api/congress_legislator:11583,,John Joyce,Republican,13,PA,rep,13,4213
319,aclu/elections-api/congress_legislator:911,,Brian K. Fitzpatrick,Republican,1,PA,rep,1,4201
320,aclu/elections-api/congress_legislator:923,,Ryan A. Costello,Republican,6,PA,rep,6,4206
321,aclu/elections-api/congress_legislator:914,Keith Rothfus,Keith J. Rothfus,Republican,12,PA,rep,12,4212
322,aclu/elections-api/congress_legislator:913,,Glenn Thompson,Republican,15,PA,rep,15,4215
323,aclu/elections-api/congress_legislator:11584,,Madeleine Dean,Democrat,4,PA,rep,4,4204
324,aclu/elections-api/congress_legislator:924,Scott Perry,Scott Perry,Republican,10,PA,rep,10,4210
325,aclu/elections-api/congress_legislator:921,Robert A. Brady,Robert A. Brady,Democrat,1,PA,rep,1,4201
326,aclu/elections-api/congress_legislator:11585,Mary Gay Scanlon,Mary Gay Scanlon,Democrat,5,PA,rep,5,4205
327,aclu/elections-api/congress_legislator:912,Dwight Evans,Dwight Evans,Democrat,3,PA,rep,3,4203
328,aclu/elections-api/congress_legislator:917,Matt Cartwright,Matt Cartwright,Democrat,8,PA,rep,8,4208
329,aclu/elections-api/congress_legislator:925,Tom Marino,Tom Marino,Republican,10,PA,rep,10,4210
330,aclu/elections-api/congress_legislator:910,Brendan Boyle,Brendan F. Boyle,Democrat,2,PA,rep,2,4202
331,aclu/elections-api/congress_legislator:11582,,Guy Reschenthaler,Republican,14,PA,rep,14,4214
332,aclu/elections-api/congress_legislator:919,Mike Kelly,Mike Kelly,Republican,16,PA,rep,16,4216
333,aclu/elections-api/congress_legislator:813,Walter B. Jones,Walter B. Jones,Republican,3,NC,rep,3,3703
334,aclu/elections-api/congress_legislator:808,Richard Hudson,Richard Hudson,Republican,8,NC,rep,8,3708
335,aclu/elections-api/congress_legislator:805,,Mark Walker,Republican,6,NC,rep,6,3706
336,aclu/elections-api/congress_legislator:802,G.K. Butterfield,G. K. Butterfield,Democrat,1,NC,rep,1,3701
337,aclu/elections-api/congress_legislator:804,"Mark Meadows, North Carolina",Mark Meadows,Republican,11,NC,rep,11,3711
338,aclu/elections-api/congress_legislator:809,Robert Pittenger,Robert Pittenger,Republican,9,NC,rep,9,3709
339,aclu/elections-api/congress_legislator:799,Alma Adams,Alma S. Adams,Democrat,12,NC,rep,12,3712
340,aclu/elections-api/congress_legislator:803,George E.B. Holding,George Holding,Republican,2,NC,rep,2,3702
341,aclu/elections-api/congress_legislator:810,Ted Budd,Ted Budd,Republican,13,NC,rep,13,3713
342,aclu/elections-api/congress_legislator:812,Virginia Foxx,Virginia Foxx,Republican,5,NC,rep,5,3705
343,aclu/elections-api/congress_legislator:806,Patrick T. McHenry,Patrick T. McHenry,Republican,10,NC,rep,10,3710
344,aclu/elections-api/congress_legislator:801,David Rouzer,David Rouzer,Republican,7,NC,rep,7,3707
345,aclu/elections-api/congress_legislator:11614,Gregory Murphy,Gregory F. Murphy,Republican,3,NC,rep,3,3703
346,aclu/elections-api/congress_legislator:800,David Price,David E. Price,Democrat,4,NC,rep,4,3704
347,aclu/elections-api/congress_legislator:11613,Dan Bishop,Dan Bishop,Republican,9,NC,rep,9,3709
348,aclu/elections-api/congress_legislator:11562,,Kelly Armstrong,Republican,0,ND,rep,0,3800
349,aclu/elections-api/congress_legislator:842,Michelle Lujan Grisham,Michelle Lujan Grisham,Democrat,1,NM,rep,1,3501
350,aclu/elections-api/congress_legislator:11569,,Xochitl Torres Small,Democrat,2,NM,rep,2,3502
351,aclu/elections-api/congress_legislator:843,Steve Pearce,Stevan Pearce,Republican,2,NM,rep,2,3502
352,aclu/elections-api/congress_legislator:840,,Ben Ray Luján,Democrat,3,NM,rep,3,3503
353,aclu/elections-api/congress_legislator:11568,,Debra A. Haaland,Democrat,1,NM,rep,1,3501
354,aclu/elections-api/congress_legislator:829,,Christopher H. Smith,Republican,4,NJ,rep,4,3404
355,aclu/elections-api/congress_legislator:839,,Thomas MacArthur,Republican,3,NJ,rep,3,3403
356,aclu/elections-api/congress_legislator:11567,Tom Malinowski,Tom Malinowski,Democrat,7,NJ,rep,7,3407
357,aclu/elections-api/congress_legislator:11564,,Andy Kim,Democrat,3,NJ,rep,3,3403
358,aclu/elections-api/congress_legislator:826,Albio Sires,Albio Sires,Democrat,8,NJ,rep,8,3408
359,aclu/elections-api/congress_legislator:833,Frank LoBiondo,Frank A. LoBiondo,Republican,2,NJ,rep,2,3402
360,aclu/elections-api/congress_legislator:838,,Rodney P. Frelinghuysen,Republican,11,NJ,rep,11,3411
361,aclu/elections-api/congress_legislator:832,,"Donald M. Payne, Jr.",Democrat,10,NJ,rep,10,3410
362,aclu/elections-api/congress_legislator:11566,Mikie Sherrill,Mikie Sherrill,Democrat,11,NJ,rep,11,3411
363,aclu/elections-api/congress_legislator:834,,"Frank Pallone, Jr.",Democrat,6,NJ,rep,6,3406
364,aclu/elections-api/congress_legislator:835,,Josh Gottheimer,Democrat,5,NJ,rep,5,3405
365,aclu/elections-api/congress_legislator:827,,"Bill Pascrell, Jr.",Democrat,9,NJ,rep,9,3409
366,aclu/elections-api/congress_legislator:836,,Leonard Lance,Republican,7,NJ,rep,7,3407
367,aclu/elections-api/congress_legislator:828,,Bonnie Watson Coleman,Democrat,12,NJ,rep,12,3412
368,aclu/elections-api/congress_legislator:831,Donald Norcross,Donald Norcross,Democrat,1,NJ,rep,1,3401
369,aclu/elections-api/congress_legislator:11565,,Jefferson Van Drew,Republican,2,NJ,rep,2,3402
370,aclu/elections-api/congress_legislator:755,Chellie Pingree,Chellie Pingree,Democrat,1,ME,rep,1,2301
371,aclu/elections-api/congress_legislator:754,,Bruce Poliquin,Republican,2,ME,rep,2,2302
372,aclu/elections-api/congress_legislator:11550,,Jared F. Golden,Democrat,2,ME,rep,2,2302
373,aclu/elections-api/congress_legislator:791,,Gregorio Kilili Camacho Sablan,Democrat,0,MP,rep,0,6900
374,aclu/elections-api/congress_legislator:532,Steve Womack,Steve Womack,Republican,3,AR,rep,3,503
375,aclu/elections-api/congress_legislator:530,,J. French Hill,Republican,2,AR,rep,2,502
376,aclu/elections-api/congress_legislator:529,Rick Crawford,"Eric A. ""Rick"" Crawford",Republican,1,AR,rep,1,501
377,aclu/elections-api/congress_legislator:528,,Bruce Westerman,Republican,4,AR,rep,4,504
378,aclu/elections-api/congress_legislator:847,Dina Titus,Dina Titus,Democrat,1,NV,rep,1,3201
379,aclu/elections-api/congress_legislator:850,,Ruben J. Kihuen,Democrat,4,NV,rep,4,3204
380,aclu/elections-api/congress_legislator:11571,,Susie Lee,Democrat,3,NV,rep,3,3203
381,aclu/elections-api/congress_legislator:849,Mark Amodei,Mark E. Amodei,Republican,2,NV,rep,2,3202
382,aclu/elections-api/congress_legislator:11570,Steven Horsford,Steven Horsford,Democrat,4,NV,rep,4,3204
383,aclu/elections-api/congress_legislator:616,,Eleanor Holmes Norton,Democrat,0,DC,rep,0,1100
384,aclu/elections-api/congress_legislator:743,,Andy Harris,Republican,1,MD,rep,1,2401
385,aclu/elections-api/congress_legislator:750,John Delaney,John K. Delaney,Democrat,6,MD,rep,6,2406
386,aclu/elections-api/congress_legislator:746,,C. A. Dutch Ruppersberger,Democrat,2,MD,rep,2,2402
387,aclu/elections-api/congress_legislator:748,Elijah Cummings,Elijah E. Cummings,Democrat,7,MD,rep,7,2407
388,aclu/elections-api/congress_legislator:11549,,David J. Trone,Democrat,6,MD,rep,6,2406
389,aclu/elections-api/congress_legislator:752,Steny Hoyer,Steny H. Hoyer,Democrat,5,MD,rep,5,2405
390,aclu/elections-api/congress_legislator:751,,John P. Sarbanes,Democrat,3,MD,rep,3,2403
391,aclu/elections-api/congress_legislator:749,,Jamie Raskin,Democrat,8,MD,rep,8,2408
392,aclu/elections-api/congress_legislator:11618,,Kweisi Mfume,Democrat,7,MD,rep,7,2407
393,aclu/elections-api/congress_legislator:744,,Anthony G. Brown,Democrat,4,MD,rep,4,2404
394,aclu/elections-api/congress_legislator:11546,,Steve Watkins,Republican,2,KS,rep,2,2002
395,aclu/elections-api/congress_legislator:11545,Sharice Davids,Sharice Davids,Democrat,3,KS,rep,3,2003
396,aclu/elections-api/congress_legislator:714,,Roger W. Marshall,Republican,1,KS,rep,1,2001
397,aclu/elections-api/congress_legislator:711,Kevin Yoder,Kevin Yoder,Republican,3,KS,rep,3,2003
398,aclu/elections-api/congress_legislator:712,Lynn Jenkins,Lynn Jenkins,Republican,2,KS,rep,2,2002
399,aclu/elections-api/congress_legislator:715,Ron Estes,Ron Estes,Republican,4,KS,rep,4,2004
400,aclu/elections-api/congress_legislator:820,,Don Bacon,Republican,2,NE,rep,2,3102
401,aclu/elections-api/congress_legislator:821,Jeff Fortenberry,Jeff Fortenberry,Republican,1,NE,rep,1,3101
402,aclu/elections-api/congress_legislator:817,Adrian Smith,Adrian Smith,Republican,3,NE,rep,3,3103
403,aclu/elections-api/congress_legislator:666,Colleen Hanabusa,Colleen Hanabusa,Democrat,1,HI,rep,1,1501
404,aclu/elections-api/congress_legislator:668,Tulsi Gabbard,Tulsi Gabbard,Democrat,2,HI,rep,2,1502
405,aclu/elections-api/congress_legislator:11535,,Ed Case,Democrat,1,HI,rep,1,1501
406,aclu/elections-api/congress_legislator:618,,Lisa Blunt Rochester,Democrat,0,DE,rep,0,1000
407,aclu/elections-api/congress_legislator:534,,Aumua Amata Coleman Radewagen,Republican,0,AS,rep,0,6000
408,aclu/elections-api/congress_legislator:542,Raul M. Grijalva,Raúl M. Grijalva,Democrat,3,AZ,rep,3,403
409,aclu/elections-api/congress_legislator:535,,Andy Biggs,Republican,5,AZ,rep,5,405
410,aclu/elections-api/congress_legislator:544,,Tom O’Halleran,Democrat,1,AZ,rep,1,401
411,aclu/elections-api/congress_legislator:536,David Schweikert,David Schweikert,Republican,6,AZ,rep,6,406
412,aclu/elections-api/congress_legislator:543,,Ruben Gallego,Democrat,7,AZ,rep,7,407
413,aclu/elections-api/congress_legislator:1043,Debbie Lesko,Debbie Lesko,Republican,8,AZ,rep,8,408
414,aclu/elections-api/congress_legislator:541,Paul Gosar,Paul A. Gosar,Republican,4,AZ,rep,4,404
415,aclu/elections-api/congress_legislator:11516,,Greg Stanton,Democrat,9,AZ,rep,9,409
416,aclu/elections-api/congress_legislator:11515,Ann Kirkpatrick,Ann Kirkpatrick,Democrat,2,AZ,rep,2,402
417,aclu/elections-api/congress_legislator:874,Peter T. King,Peter T. King,Republican,2,NY,rep,2,3602
418,aclu/elections-api/congress_legislator:859,,Elise M. Stefanik,Republican,21,NY,rep,21,3621
419,aclu/elections-api/congress_legislator:853,Carolyn B. Maloney,Carolyn B. Maloney,Democrat,12,NY,rep,12,3612
420,aclu/elections-api/congress_legislator:877,,Tom Reed,Republican,23,NY,rep,23,3623
421,aclu/elections-api/congress_legislator:862,Hakeem Jeffries,Hakeem S. Jeffries,Democrat,8,NY,rep,8,3608
422,aclu/elections-api/congress_legislator:857,Daniel Donovan (New York),"Daniel M. Donovan, Jr.",Republican,11,NY,rep,11,3611
423,aclu/elections-api/congress_legislator:878,Yvette D. Clarke,Yvette D. Clarke,Democrat,9,NY,rep,9,3609
424,aclu/elections-api/congress_legislator:870,,Lee M. Zeldin,Republican,1,NY,rep,1,3601
425,aclu/elections-api/congress_legislator:872,,Nydia M. Velázquez,Democrat,7,NY,rep,7,3607
426,aclu/elections-api/congress_legislator:876,,Thomas R. Suozzi,Democrat,3,NY,rep,3,3603
427,aclu/elections-api/congress_legislator:863,,Jerrold Nadler,Democrat,10,NY,rep,10,3610
428,aclu/elections-api/congress_legislator:868,,Kathleen M. Rice,Democrat,4,NY,rep,4,3604
429,aclu/elections-api/congress_legislator:11572,Alexandria Ocasio-Cortez,Alexandria Ocasio-Cortez,Democrat,14,NY,rep,14,3614
430,aclu/elections-api/congress_legislator:11574,,Antonio Delgado,Democrat,19,NY,rep,19,3619
431,aclu/elections-api/congress_legislator:11576,,Max Rose,Democrat,11,NY,rep,11,3611
432,aclu/elections-api/congress_legislator:875,Sean Maloney,Sean Patrick Maloney,Democrat,18,NY,rep,18,3618
433,aclu/elections-api/congress_legislator:856,,Claudia Tenney,Republican,22,NY,rep,22,3622
434,aclu/elections-api/congress_legislator:11620,Chris Jacobs,Chris Jacobs,Republican,27,NY,rep,27,3627
435,aclu/elections-api/congress_legislator:851,,Adriano Espaillat,Democrat,13,NY,rep,13,3613
436,aclu/elections-api/congress_legislator:865,,John Katko,Republican,24,NY,rep,24,3624
437,aclu/elections-api/congress_legislator:873,,Paul Tonko,Democrat,20,NY,rep,20,3620
438,aclu/elections-api/congress_legislator:866,Jose Serrano,José E. Serrano,Democrat,15,NY,rep,15,3615
439,aclu/elections-api/congress_legislator:852,Brian Higgins,Brian Higgins,Democrat,26,NY,rep,26,3626
440,aclu/elections-api/congress_legislator:861,,Gregory W. Meeks,Democrat,5,NY,rep,5,3605
441,aclu/elections-api/congress_legislator:871,Nita Lowey,Nita M. Lowey,Democrat,17,NY,rep,17,3617
442,aclu/elections-api/congress_legislator:858,,Eliot L. Engel,Democrat,16,NY,rep,16,3616
443,aclu/elections-api/congress_legislator:860,Grace Meng,Grace Meng,Democrat,6,NY,rep,6,3606
444,aclu/elections-api/congress_legislator:867,Joseph Crowley,Joseph Crowley,Democrat,14,NY,rep,14,3614
445,aclu/elections-api/congress_legislator:11573,Anthony Brindisi,Anthony Brindisi,Democrat,22,NY,rep,22,3622
446,aclu/elections-api/congress_legislator:855,Chris Collins,Chris Collins,Republican,27,NY,rep,27,3627
447,aclu/elections-api/congress_legislator:864,,John J. Faso,Republican,19,NY,rep,19,3619
448,aclu/elections-api/congress_legislator:11575,Joseph Morelle,Joseph D. Morelle,Democrat,25,NY,rep,25,3625
449,aclu/elections-api/congress_legislator:677,Michael K. Simpson,Michael K. Simpson,Republican,2,ID,rep,2,1602
450,aclu/elections-api/congress_legislator:678,Raul Labrador,Raúl R. Labrador,Republican,1,ID,rep,1,1601
451,aclu/elections-api/congress_legislator:11538,,Russ Fulcher,Republican,1,ID,rep,1,1601
452,aclu/elections-api/congress_legislator:886,Marcia L. Fudge,Marcia L. Fudge,Democrat,11,OH,rep,11,3911
453,aclu/elections-api/congress_legislator:883,Jim Renacci,James B. Renacci,Republican,16,OH,rep,16,3916
454,aclu/elections-api/congress_legislator:888,Michael R. Turner,Michael R. Turner,Republican,10,OH,rep,10,3910
455,aclu/elections-api/congress_legislator:11514,Troy Balderson,Troy Balderson,Republican,12,OH,rep,12,3912
456,aclu/elections-api/congress_legislator:889,Robert E. Latta,Robert E. Latta,Republican,5,OH,rep,5,3905
457,aclu/elections-api/congress_legislator:881,Brad Wenstrup,Brad R. Wenstrup,Republican,2,OH,rep,2,3902
458,aclu/elections-api/congress_legislator:882,David Joyce,David P. Joyce,Republican,14,OH,rep,14,3914
459,aclu/elections-api/congress_legislator:893,Steve Stivers,Steve Stivers,Republican,15,OH,rep,15,3915
460,aclu/elections-api/congress_legislator:884,Jim Jordan,Jim Jordan,Republican,4,OH,rep,4,3904
461,aclu/elections-api/congress_legislator:885,Joyce Beatty,Joyce Beatty,Democrat,3,OH,rep,3,3903
462,aclu/elections-api/congress_legislator:879,Bill Johnson (Ohio),Bill Johnson,Republican,6,OH,rep,6,3906
463,aclu/elections-api/congress_legislator:887,,Marcy Kaptur,Democrat,9,OH,rep,9,3909
464,aclu/elections-api/congress_legislator:11577,,Anthony Gonzalez,Republican,16,OH,rep,16,3916
465,aclu/elections-api/congress_legislator:880,Bob Gibbs,Bob Gibbs,Republican,7,OH,rep,7,3907
466,aclu/elections-api/congress_legislator:892,Steve Chabot,Steve Chabot,Republican,1,OH,rep,1,3901
467,aclu/elections-api/congress_legislator:894,Tim Ryan (Ohio),Tim Ryan,Democrat,13,OH,rep,13,3913
468,aclu/elections-api/congress_legislator:895,Warren Davidson,Warren Davidson,Republican,8,OH,rep,8,3908
469,aclu/elections-api/congress_legislator:908,Suzanne Bonamici,Suzanne Bonamici,Democrat,1,OR,rep,1,4101
470,aclu/elections-api/congress_legislator:903,Greg Walden,Greg Walden,Republican,2,OR,rep,2,4102
471,aclu/elections-api/congress_legislator:905,Kurt Schrader,Kurt Schrader,Democrat,5,OR,rep,5,4105
472,aclu/elections-api/congress_legislator:902,Earl Blumenauer,Earl Blumenauer,Democrat,3,OR,rep,3,4103
473,aclu/elections-api/congress_legislator:906,Peter DeFazio,Peter A. DeFazio,Democrat,4,OR,rep,4,4104
474,aclu/elections-api/congress_legislator:692,Peter Roskam,Peter J. Roskam,Republican,6,IL,rep,6,1706
475,aclu/elections-api/congress_legislator:682,Brad Schneider,Bradley Scott Schneider,Democrat,10,IL,rep,10,1710
476,aclu/elections-api/congress_legislator:693,,Raja Krishnamoorthi,Democrat,8,IL,rep,8,1708
477,aclu/elections-api/congress_legislator:696,Robin Kelly,Robin L. Kelly,Democrat,2,IL,rep,2,1702
478,aclu/elections-api/congress_legislator:679,Adam Kinzinger,Adam Kinzinger,Republican,16,IL,rep,16,1716
479,aclu/elections-api/congress_legislator:694,Randy Hultgren,Randy Hultgren,Republican,14,IL,rep,14,1714
480,aclu/elections-api/congress_legislator:683,Cheri Bustos,Cheri Bustos,Democrat,17,IL,rep,17,1717
481,aclu/elections-api/congress_legislator:691,Michael Quigley,Mike Quigley,Democrat,5,IL,rep,5,1705
482,aclu/elections-api/congress_legislator:11539,,"Jesús G. ""Chuy"" García",Democrat,4,IL,rep,4,1704
483,aclu/elections-api/congress_legislator:686,Darin LaHood,Darin LaHood,Republican,18,IL,rep,18,1718
484,aclu/elections-api/congress_legislator:681,Bobby Rush,Bobby L. Rush,Democrat,1,IL,rep,1,1701
485,aclu/elections-api/congress_legislator:689,Luis V. Gutierrez,Luis V. Gutiérrez,Democrat,4,IL,rep,4,1704
486,aclu/elections-api/congress_legislator:684,Daniel Lipinski,Daniel Lipinski,Democrat,3,IL,rep,3,1703
487,aclu/elections-api/congress_legislator:690,,Mike Bost,Republican,12,IL,rep,12,1712
488,aclu/elections-api/congress_legislator:11540,,Lauren Underwood,Democrat,14,IL,rep,14,1714
489,aclu/elections-api/congress_legislator:680,Bill Foster,Bill Foster,Democrat,11,IL,rep,11,1711
490,aclu/elections-api/congress_legislator:11541,,Sean Casten,Democrat,6,IL,rep,6,1706
491,aclu/elections-api/congress_legislator:688,John M. Shimkus,John Shimkus,Republican,15,IL,rep,15,1715
492,aclu/elections-api/congress_legislator:697,Rodney Davis (Illinois),Rodney Davis,Republican,13,IL,rep,13,1713
493,aclu/elections-api/congress_legislator:687,Jan Schakowsky,Janice D. Schakowsky,Democrat,9,IL,rep,9,1709
494,aclu/elections-api/congress_legislator:685,Danny K. Davis,Danny K. Davis,Democrat,7,IL,rep,7,1707
495,aclu/elections-api/congress_legislator:731,Steve Scalise,Steve Scalise,Republican,1,LA,rep,1,2201
496,aclu/elections-api/congress_legislator:730,Ralph Abraham,Ralph Lee Abraham,Republican,5,LA,rep,5,2205
497,aclu/elections-api/congress_legislator:725,Cedric Richmond,Cedric L. Richmond,Democrat,2,LA,rep,2,2202
498,aclu/elections-api/congress_legislator:726,,Clay Higgins,Republican,3,LA,rep,3,2203
499,aclu/elections-api/congress_legislator:729,,Mike Johnson,Republican,4,LA,rep,4,2204
500,aclu/elections-api/congress_legislator:727,,Garret Graves,Republican,6,LA,rep,6,2206
501,aclu/elections-api/congress_legislator:1027,Gwen Moore,Gwen Moore,Democrat,4,WI,rep,4,5504
502,aclu/elections-api/congress_legislator:11619,Tom Tiffany,Thomas P. Tiffany,Republican,7,WI,rep,7,5507
503,aclu/elections-api/congress_legislator:1030,Paul Ryan,Paul D. Ryan,Republican,1,WI,rep,1,5501
504,aclu/elections-api/congress_legislator:11610,,Bryan Steil,Republican,1,WI,rep,1,5501
505,aclu/elections-api/congress_legislator:1025,Jim Sensenbrenner,"F. James Sensenbrenner, Jr.",Republican,5,WI,rep,5,5505
506,aclu/elections-api/congress_legislator:1028,Mark Pocan,Mark Pocan,Democrat,2,WI,rep,2,5502
507,aclu/elections-api/congress_legislator:1029,,Mike Gallagher,Republican,8,WI,rep,8,5508
508,aclu/elections-api/congress_legislator:1032,Ron Kind,Ron Kind,Democrat,3,WI,rep,3,5503
509,aclu/elections-api/congress_legislator:1026,,Glenn Grothman,Republican,6,WI,rep,6,5506
510,aclu/elections-api/congress_legislator:1033,Sean Duffy,Sean P. Duffy,Republican,7,WI,rep,7,5507
511,aclu/elections-api/congress_legislator:1014,Cathy McMorris Rodgers,Cathy McMorris Rodgers,Republican,5,WA,rep,5,5305
512,aclu/elections-api/congress_legislator:1015,,Dan Newhouse,Republican,4,WA,rep,4,5304
513,aclu/elections-api/congress_legislator:1019,,Jaime Herrera Beutler,Republican,3,WA,rep,3,5303
514,aclu/elections-api/congress_legislator:1023,,Rick Larsen,Democrat,2,WA,rep,2,5302
515,aclu/elections-api/congress_legislator:1024,Suzan DelBene,Suzan K. DelBene,Democrat,1,WA,rep,1,5301
516,aclu/elections-api/congress_legislator:11609,,Kim Schrier,Democrat,8,WA,rep,8,5308
517,aclu/elections-api/congress_legislator:1016,David Reichert,David G. Reichert,Republican,8,WA,rep,8,5308
518,aclu/elections-api/congress_legislator:1017,Denny Heck,Denny Heck,Democrat,10,WA,rep,10,5310
519,aclu/elections-api/congress_legislator:1022,,Pramila Jayapal,Democrat,7,WA,rep,7,5307
520,aclu/elections-api/congress_legislator:1013,Adam Smith,Adam Smith,Democrat,9,WA,rep,9,5309
521,aclu/elections-api/congress_legislator:1018,Derek Kilmer,Derek Kilmer,Democrat,6,WA,rep,6,5306
522,aclu/elections-api/congress_legislator:11590,,John W. Rose,Republican,6,TN,rep,6,4706
523,aclu/elections-api/congress_legislator:945,,David Kustoff,Republican,8,TN,rep,8,4708
524,aclu/elections-api/congress_legislator:944,,"Charles J. ""Chuck"" Fleischmann",Republican,3,TN,rep,3,4703
525,aclu/elections-api/congress_legislator:11591,,Mark E. Green,Republican,7,TN,rep,7,4707
526,aclu/elections-api/congress_legislator:11592,,Tim Burchett,Republican,2,TN,rep,2,4702
527,aclu/elections-api/congress_legislator:953,,Steve Cohen,Democrat,9,TN,rep,9,4709
528,aclu/elections-api/congress_legislator:949,,"John J. Duncan, Jr.",Republican,2,TN,rep,2,4702
529,aclu/elections-api/congress_legislator:946,,David P. Roe,Republican,1,TN,rep,1,4701
530,aclu/elections-api/congress_legislator:947,,Diane Black,Republican,6,TN,rep,6,4706
531,aclu/elections-api/congress_legislator:952,,Scott DesJarlais,Republican,4,TN,rep,4,4704
532,aclu/elections-api/congress_legislator:948,Jim Cooper,Jim Cooper,Democrat,5,TN,rep,5,4705
